{"$schema":"http://json-schema.org/draft-04/schema#","description":"","type":"object","properties":{"options":{"type":"object","properties":{"allowStealFocus":{"type":"boolean"},"authAPIVersion":{"type":"number"},"bookmarkThumbHeight":{"type":"number"},"bookmarkThumbWidth":{"type":"number"},"dropEnabled":{"type":"boolean"},"footerPanelEnabled":{"type":"boolean"},"headerPanelEnabled":{"type":"boolean"},"leftPanelEnabled":{"type":"boolean"},"limitLocales":{"type":"boolean"},"metrics":{"type":"array","uniqueItems":true,"minItems":1,"items":{"required":["type","minWidth","maxWidth","minHeight","maxHeight"],"properties":{"type":{"type":"string","minLength":1},"minWidth":{"type":"number"},"maxWidth":{"type":"number"},"minHeight":{"type":"number"},"maxHeight":{"type":"number"}}}},"multiSelectionMimeType":{"type":"string","minLength":1},"navigatorEnabled":{"type":"boolean"},"openTemplate":{"type":"string","minLength":1},"overrideFullScreen":{"type":"boolean"},"pagingEnabled":{"type":"boolean"},"pagingOptionEnabled":{"type":"boolean"},"pessimisticAccessControl":{"type":"boolean"},"preserveViewport":{"type":"boolean"},"rightPanelEnabled":{"type":"boolean"},"saveUserSettings":{"type":"boolean"},"clickToZoomEnabled":{"type":"boolean"},"searchWithinEnabled":{"type":"boolean"},"termsOfUseEnabled":{"type":"boolean"},"theme":{"type":"string","minLength":1},"tokenStorage":{"type":"string","minLength":1},"useArrowKeysToNavigate":{"type":"boolean"},"zoomToSearchResultEnabled":{"type":"boolean"}},"required":["allowStealFocus","authAPIVersion","bookmarkThumbHeight","bookmarkThumbWidth","dropEnabled","footerPanelEnabled","headerPanelEnabled","leftPanelEnabled","limitLocales","metrics","multiSelectionMimeType","navigatorEnabled","openTemplate","overrideFullScreen","pagingEnabled","pagingOptionEnabled","pessimisticAccessControl","preserveViewport","rightPanelEnabled","saveUserSettings","clickToZoomEnabled","searchWithinEnabled","termsOfUseEnabled","theme","tokenStorage","useArrowKeysToNavigate","zoomToSearchResultEnabled"]},"modules":{"type":"object","properties":{"contentLeftPanel":{"type":"object","properties":{"options":{"type":"object","properties":{"autoExpandTreeEnabled":{"type":"boolean"},"autoExpandTreeIfFewerThan":{"type":"number"},"branchNodesExpandOnClick":{"type":"boolean"},"branchNodesSelectable":{"type":"boolean"},"defaultToTreeEnabled":{"type":"boolean"},"defaultToTreeIfGreaterThan":{"type":"number"},"elideCount":{"type":"number"},"expandFullEnabled":{"type":"boolean"},"galleryThumbChunkedResizingThreshold":{"type":"number"},"galleryThumbHeight":{"type":"number"},"galleryThumbLoadPadding":{"type":"number"},"galleryThumbWidth":{"type":"number"},"oneColThumbHeight":{"type":"number"},"oneColThumbWidth":{"type":"number"},"pageModeEnabled":{"type":"boolean"},"panelAnimationDuration":{"type":"number"},"panelCollapsedWidth":{"type":"number"},"panelExpandedWidth":{"type":"number"},"panelOpen":{"type":"boolean"},"tabOrder":{"type":"string"},"thumbsEnabled":{"type":"boolean"},"thumbsExtraHeight":{"type":"number"},"thumbsImageFadeInDuration":{"type":"number"},"thumbsLoadRange":{"type":"number"},"treeEnabled":{"type":"boolean"},"twoColThumbHeight":{"type":"number"},"twoColThumbWidth":{"type":"number"}},"required":["autoExpandTreeEnabled","autoExpandTreeIfFewerThan","branchNodesExpandOnClick","branchNodesSelectable","defaultToTreeEnabled","defaultToTreeIfGreaterThan","elideCount","expandFullEnabled","galleryThumbChunkedResizingThreshold","galleryThumbHeight","galleryThumbLoadPadding","galleryThumbWidth","oneColThumbHeight","oneColThumbWidth","pageModeEnabled","panelAnimationDuration","panelCollapsedWidth","panelExpandedWidth","panelOpen","tabOrder","thumbsEnabled","thumbsExtraHeight","thumbsImageFadeInDuration","thumbsLoadRange","treeEnabled","twoColThumbHeight","twoColThumbWidth"]},"content":{"type":"object","properties":{"collapse":{"type":"string","minLength":1},"collapseFull":{"type":"string","minLength":1},"date":{"type":"string","minLength":1},"expand":{"type":"string","minLength":1},"expandFull":{"type":"string","minLength":1},"index":{"type":"string","minLength":1},"manifestRanges":{"type":"string","minLength":1},"searchResult":{"type":"string","minLength":1},"searchResults":{"type":"string","minLength":1},"sortBy":{"type":"string","minLength":1},"thumbnails":{"type":"string","minLength":1},"title":{"type":"string","minLength":1},"volume":{"type":"string","minLength":1}},"required":["collapse","collapseFull","date","expand","expandFull","index","manifestRanges","searchResult","searchResults","sortBy","thumbnails","title","volume"]}},"required":["options","content"]},"dialogue":{"type":"object","properties":{"topCloseButtonEnabled":{"type":"boolean"},"content":{"type":"object","properties":{"close":{"type":"string","minLength":1}},"required":["close"]}},"required":["topCloseButtonEnabled","content"]},"footerPanel":{"type":"object","properties":{"options":{"type":"object","properties":{"bookmarkEnabled":{"type":"boolean"},"downloadEnabled":{"type":"boolean"},"embedEnabled":{"type":"boolean"},"feedbackEnabled":{"type":"boolean"},"fullscreenEnabled":{"type":"boolean"},"minimiseButtons":{"type":"boolean"},"moreInfoEnabled":{"type":"boolean"},"openEnabled":{"type":"boolean"},"printEnabled":{"type":"boolean"},"shareEnabled":{"type":"boolean"}},"required":["bookmarkEnabled","downloadEnabled","embedEnabled","feedbackEnabled","fullscreenEnabled","minimiseButtons","moreInfoEnabled","openEnabled","printEnabled","shareEnabled"]},"content":{"type":"object","properties":{"bookmark":{"type":"string","minLength":1},"download":{"type":"string","minLength":1},"embed":{"type":"string","minLength":1},"exitFullScreen":{"type":"string","minLength":1},"feedback":{"type":"string","minLength":1},"fullScreen":{"type":"string","minLength":1},"moreInfo":{"type":"string","minLength":1},"open":{"type":"string","minLength":1},"share":{"type":"string","minLength":1}},"required":["bookmark","download","embed","exitFullScreen","feedback","fullScreen","moreInfo","open","share"]}},"required":["options","content"]},"genericDialogue":{"type":"object","properties":{"content":{"type":"object","properties":{"emptyValue":{"type":"string","minLength":1},"invalidNumber":{"type":"string","minLength":1},"noMatches":{"type":"string","minLength":1},"ok":{"type":"string","minLength":1},"pageNotFound":{"type":"string","minLength":1},"refresh":{"type":"string","minLength":1}},"required":["emptyValue","invalidNumber","noMatches","ok","pageNotFound","refresh"]}},"required":["content"]},"headerPanel":{"type":"object","properties":{"options":{"type":"object","properties":{"localeToggleEnabled":{"type":"boolean"},"settingsButtonEnabled":{"type":"boolean"}},"required":["localeToggleEnabled","settingsButtonEnabled"]},"content":{"type":"object","properties":{"settings":{"type":"string","minLength":1}},"required":["settings"]}},"required":["options","content"]},"helpDialogue":{"type":"object","properties":{"content":{"type":"object","properties":{"text":{"type":"string","minLength":1},"title":{"type":"string","minLength":1}},"required":["text","title"]}},"required":["content"]},"moreInfoRightPanel":{"type":"object","properties":{"options":{"type":"object","properties":{"canvasDisplayOrder":{"type":"string"},"canvasExclude":{"type":"string"},"copyToClipboardEnabled":{"type":"boolean"},"manifestDisplayOrder":{"type":"string"},"manifestExclude":{"type":"string"},"panelAnimationDuration":{"type":"number"},"panelCollapsedWidth":{"type":"number"},"panelExpandedWidth":{"type":"number"},"panelOpen":{"type":"boolean"},"rtlLanguageCodes":{"type":"string","minLength":1},"showAllLanguages":{"type":"boolean"},"textLimit":{"type":"number"},"textLimitType":{"type":"string","minLength":1},"limitToRange":{"type":"boolean"}},"required":["canvasDisplayOrder","canvasExclude","copyToClipboardEnabled","manifestDisplayOrder","manifestExclude","panelAnimationDuration","panelCollapsedWidth","panelExpandedWidth","panelOpen","rtlLanguageCodes","showAllLanguages","textLimit","textLimitType","limitToRange"]},"content":{"type":"object","properties":{"attribution":{"type":"string","minLength":1},"collapse":{"type":"string","minLength":1},"collapseFull":{"type":"string","minLength":1},"description":{"type":"string","minLength":1},"expand":{"type":"string","minLength":1},"expandFull":{"type":"string","minLength":1},"holdingText":{"type":"string","minLength":1},"less":{"type":"string","minLength":1},"license":{"type":"string","minLength":1},"logo":{"type":"string","minLength":1},"more":{"type":"string","minLength":1},"noData":{"type":"string","minLength":1},"page":{"type":"string","minLength":1},"title":{"type":"string","minLength":1},"manifestHeader":{"type":"string","minLength":1},"canvasHeader":{"type":"string","minLength":1},"copyToClipboard":{"type":"string","minLength":1},"copiedToClipboard":{"type":"string","minLength":1}},"required":["attribution","collapse","collapseFull","description","expand","expandFull","holdingText","less","license","logo","more","noData","page","title","manifestHeader","canvasHeader","copyToClipboard","copiedToClipboard"]}},"required":["options","content"]},"avCenterPanel":{"type":"object","properties":{"options":{"type":"object","properties":{"autoPlay":{"type":"boolean"},"includeParentInTitleEnabled":{"type":"boolean"},"posterImageRatio":{"type":"number"}},"required":["autoPlay","includeParentInTitleEnabled","posterImageRatio"]},"content":{"type":"object","properties":{"currentTime":{"type":"string","minLength":1},"delimiter":{"type":"string","minLength":1},"duration":{"type":"string","minLength":1},"mute":{"type":"string","minLength":1},"next":{"type":"string","minLength":1},"pause":{"type":"string","minLength":1},"play":{"type":"string","minLength":1},"previous":{"type":"string","minLength":1}},"required":["currentTime","delimiter","duration","mute","next","pause","play","previous"]}},"required":["options","content"]},"settingsDialogue":{"type":"object","properties":{"content":{"type":"object","properties":{"locale":{"type":"string","minLength":1},"navigatorEnabled":{"type":"string","minLength":1},"clickToZoomEnabled":{"type":"string","minLength":1},"pagingEnabled":{"type":"string","minLength":1},"preserveViewport":{"type":"string","minLength":1},"title":{"type":"string","minLength":1},"website":{"type":"string","minLength":1}},"required":["locale","navigatorEnabled","clickToZoomEnabled","pagingEnabled","preserveViewport","title","website"]}},"required":["content"]},"shareDialogue":{"type":"object","properties":{"options":{"type":"object","properties":{"embedTemplate":{"type":"string","minLength":1},"instructionsEnabled":{"type":"boolean"},"shareFrameEnabled":{"type":"boolean"}},"required":["embedTemplate","instructionsEnabled","shareFrameEnabled"]},"content":{"type":"object","properties":{"customSize":{"type":"string","minLength":1},"embed":{"type":"string","minLength":1},"embedInstructions":{"type":"string","minLength":1},"height":{"type":"string","minLength":1},"iiif":{"type":"string","minLength":1},"share":{"type":"string","minLength":1},"shareInstructions":{"type":"string","minLength":1},"size":{"type":"string","minLength":1},"width":{"type":"string","minLength":1}},"required":["customSize","embed","embedInstructions","height","iiif","share","shareInstructions","size","width"]}},"required":["options","content"]},"authDialogue":{"type":"object","properties":{"content":{"type":"object","properties":{"cancel":{"type":"string","minLength":1},"confirm":{"type":"string","minLength":1}},"required":["cancel","confirm"]}},"required":["content"]},"clickThroughDialogue":{"type":"object","properties":{"content":{"type":"object","properties":{"viewTerms":{"type":"string","minLength":1}},"required":["viewTerms"]}},"required":["content"]},"downloadDialogue":{"type":"object","properties":{"content":{"type":"object","properties":{"currentViewAsJpg":{"type":"string","minLength":1},"currentViewAsJpgExplanation":{"type":"string","minLength":1},"download":{"type":"string","minLength":1},"downloadSelection":{"type":"string","minLength":1},"downloadSelectionExplanation":{"type":"string","minLength":1},"editSettings":{"type":"string","minLength":1},"entireDocument":{"type":"string","minLength":1},"entireFileAsOriginal":{"type":"string","minLength":1},"noneAvailable":{"type":"string","minLength":1},"pagingNote":{"type":"string","minLength":1},"preview":{"type":"string","minLength":1},"title":{"type":"string","minLength":1},"wholeImageHighRes":{"type":"string","minLength":1},"wholeImageHighResExplanation":{"type":"string","minLength":1},"wholeImagesHighRes":{"type":"string","minLength":1},"wholeImagesHighResExplanation":{"type":"string","minLength":1},"wholeImageLowResAsJpg":{"type":"string","minLength":1},"wholeImageLowResAsJpgExplanation":{"type":"string","minLength":1}},"required":["currentViewAsJpg","currentViewAsJpgExplanation","download","downloadSelection","downloadSelectionExplanation","editSettings","entireDocument","entireFileAsOriginal","noneAvailable","pagingNote","preview","title","wholeImageHighRes","wholeImageHighResExplanation","wholeImagesHighRes","wholeImagesHighResExplanation","wholeImageLowResAsJpg","wholeImageLowResAsJpgExplanation"]}},"required":["content"]},"loginDialogue":{"type":"object","properties":{"content":{"type":"object","properties":{"login":{"type":"string","minLength":1},"logout":{"type":"string","minLength":1},"cancel":{"type":"string","minLength":1}},"required":["login","logout","cancel"]}},"required":["content"]},"restrictedDialogue":{"type":"object","properties":{"content":{"type":"object","properties":{"cancel":{"type":"string","minLength":1}},"required":["cancel"]}},"required":["content"]}},"required":["contentLeftPanel","dialogue","footerPanel","genericDialogue","headerPanel","helpDialogue","moreInfoRightPanel","avCenterPanel","settingsDialogue","shareDialogue","authDialogue","clickThroughDialogue","downloadDialogue","loginDialogue","restrictedDialogue"]},"localisation":{"type":"object","properties":{"label":{"type":"string","minLength":1},"locales":{"type":"array","uniqueItems":true,"minItems":1,"items":{"required":["name","label"],"properties":{"name":{"type":"string","minLength":1},"label":{"type":"string","minLength":1}}}}},"required":["label","locales"]},"content":{"type":"object","properties":{"authCORSError":{"type":"string","minLength":1},"authorisationFailedMessage":{"type":"string","minLength":1},"canvasIndexOutOfRange":{"type":"string","minLength":1},"forbiddenResourceMessage":{"type":"string","minLength":1},"termsOfUse":{"type":"string","minLength":1}},"required":["authCORSError","authorisationFailedMessage","canvasIndexOutOfRange","forbiddenResourceMessage","termsOfUse"]}},"required":["options","modules","localisation","content"]}